Real,Prezis
Adelie,Chinstrap
Gentoo,Gentoo
Gentoo,Gentoo
Chinstrap,Chinstrap
Gentoo,Gentoo
Adelie,Adelie
Gentoo,Gentoo
Adelie,Adelie
Adelie,Adelie
Chinstrap,Chinstrap
Adelie,Adelie
Adelie,Adelie
Gentoo,Gentoo
Gentoo,Gentoo
Adelie,Chinstrap
Adelie,Chinstrap
Adelie,Adelie
Gentoo,Gentoo
Gentoo,Gentoo
Adelie,Adelie
Gentoo,Gentoo
Adelie,Adelie
Gentoo,Gentoo
Gentoo,Gentoo
Adelie,Adelie
Chinstrap,Chinstrap
Gentoo,Gentoo
Gentoo,Gentoo
Gentoo,Gentoo
Gentoo,Gentoo
Chinstrap,Chinstrap
Adelie,Chinstrap
Adelie,Adelie
Gentoo,Gentoo
Adelie,Chinstrap
Gentoo,Gentoo
Adelie,Chinstrap
Chinstrap,Chinstrap
Adelie,Adelie
Adelie,Adelie
Adelie,Chinstrap
Adelie,Chinstrap
Adelie,Adelie
Adelie,Adelie
Gentoo,Gentoo
Chinstrap,Chinstrap
Adelie,Adelie
Adelie,Chinstrap
Gentoo,Gentoo
Adelie,Chinstrap
Gentoo,Gentoo
Chinstrap,Chinstrap
Gentoo,Gentoo
Chinstrap,Chinstrap
Gentoo,Gentoo
Gentoo,Gentoo
Gentoo,Gentoo
Chinstrap,Chinstrap
Gentoo,Gentoo
Adelie,Adelie
Adelie,Chinstrap
Gentoo,Gentoo
Gentoo,Gentoo
Chinstrap,Chinstrap
Adelie,Adelie
Gentoo,Gentoo
Gentoo,Gentoo
Adelie,Adelie
Gentoo,Gentoo
Gentoo,Gentoo
Gentoo,Gentoo
Gentoo,Gentoo
Chinstrap,Chinstrap
Chinstrap,Chinstrap
Gentoo,Gentoo
Chinstrap,Chinstrap
Gentoo,Gentoo
Adelie,Adelie
Adelie,Adelie
Chinstrap,Chinstrap
Gentoo,Gentoo
Adelie,Adelie
Gentoo,Gentoo
Gentoo,Gentoo
Adelie,Adelie
Adelie,Adelie
Gentoo,Gentoo
Adelie,Adelie
Adelie,Adelie
Gentoo,Gentoo
Adelie,Adelie
Chinstrap,Chinstrap
Chinstrap,Chinstrap
Adelie,Chinstrap
Chinstrap,Chinstrap
Gentoo,Gentoo
Adelie,Chinstrap
Gentoo,Gentoo
Adelie,Adelie
Gentoo,Gentoo
Adelie,Chinstrap
Chinstrap,Chinstrap
Adelie,Adelie
Chinstrap,Chinstrap
Adelie,Adelie
Adelie,Chinstrap
Adelie,Adelie
Chinstrap,Chinstrap
Adelie,Adelie
Gentoo,Gentoo
Adelie,Adelie
Gentoo,Gentoo
Adelie,Adelie
Adelie,Chinstrap
Gentoo,Gentoo
Chinstrap,Chinstrap
Chinstrap,Chinstrap
Adelie,Adelie
Adelie,Chinstrap
Adelie,Chinstrap
Gentoo,Gentoo
Chinstrap,Chinstrap
Adelie,Chinstrap
Adelie,Adelie
Gentoo,Gentoo
Adelie,Chinstrap
Gentoo,Gentoo
Adelie,Adelie
Adelie,Adelie
Gentoo,Gentoo
Gentoo,Gentoo
Gentoo,Gentoo
Adelie,Adelie
Gentoo,Gentoo
Chinstrap,Chinstrap
Gentoo,Gentoo
Chinstrap,Chinstrap
Chinstrap,Chinstrap
Adelie,Adelie
Chinstrap,Chinstrap
Adelie,Adelie
Adelie,Chinstrap
Chinstrap,Chinstrap
Adelie,Adelie
Adelie,Chinstrap
Gentoo,Gentoo
Adelie,Chinstrap
Adelie,Chinstrap
Gentoo,Gentoo
Adelie,Adelie
Gentoo,Gentoo
Chinstrap,Chinstrap
Gentoo,Gentoo
Adelie,Adelie
Gentoo,Gentoo
Gentoo,Gentoo
Chinstrap,Chinstrap
Gentoo,Gentoo
Adelie,Chinstrap
Adelie,Adelie
Adelie,Chinstrap
Adelie,Adelie
Adelie,Adelie
Adelie,Adelie
Adelie,Adelie
Chinstrap,Chinstrap
Adelie,Chinstrap
Gentoo,Gentoo
Gentoo,Gentoo
Chinstrap,Chinstrap
Gentoo,Gentoo
Gentoo,Gentoo
Chinstrap,Chinstrap
Chinstrap,Chinstrap
Gentoo,Gentoo
Gentoo,Gentoo
Gentoo,Gentoo
Gentoo,Gentoo
Gentoo,Gentoo
Chinstrap,Chinstrap
Chinstrap,Chinstrap
Adelie,Chinstrap
Chinstrap,Chinstrap
Chinstrap,Chinstrap
Gentoo,Gentoo
Adelie,Adelie
Adelie,Adelie
Adelie,Adelie
Adelie,Chinstrap
Adelie,Adelie
Chinstrap,Chinstrap
Adelie,Chinstrap
Gentoo,Gentoo
Adelie,Chinstrap
Adelie,Adelie
Gentoo,Gentoo
Gentoo,Gentoo
Adelie,Adelie
Adelie,Chinstrap
Gentoo,Gentoo
Chinstrap,Chinstrap
Gentoo,Gentoo
Adelie,Chinstrap
Gentoo,Gentoo
Gentoo,Gentoo
Gentoo,Gentoo
Adelie,Adelie
Adelie,Adelie
Chinstrap,Chinstrap
Chinstrap,Chinstrap
Gentoo,Gentoo
Chinstrap,Chinstrap
Chinstrap,Chinstrap
Adelie,Adelie
Adelie,Chinstrap
Gentoo,Gentoo
Gentoo,Gentoo
Adelie,Adelie
Gentoo,Gentoo
Chinstrap,Chinstrap
Gentoo,Gentoo
Chinstrap,Chinstrap
Gentoo,Gentoo
Gentoo,Gentoo
Gentoo,Gentoo
Adelie,Chinstrap
Adelie,Adelie
Adelie,Chinstrap
Adelie,Chinstrap
Adelie,Chinstrap
Gentoo,Gentoo
Chinstrap,Chinstrap
Adelie,Adelie
Gentoo,Gentoo
Adelie,Adelie
Chinstrap,Chinstrap
Adelie,Adelie
Adelie,Adelie
Gentoo,Gentoo
Adelie,Adelie
